{"cameraMode":{"drawMode":0,"name":"Shaded","section":"Shading Mode"},"sceneLighting":true,"audioPlay":false,"sceneViewState":{"m_AlwaysRefresh":false,"showFog":true,"showSkybox":true,"showFlares":true,"showImageEffects":true,"showParticleSystems":true,"showVisualEffectGraphs":true,"m_FxEnabled":true},"in2DMode":false,"pivot":{"x":-210.27761840820313,"y":107.91905975341797,"z":-21.047988891601564},"rotation":{"x":-0.04430081695318222,"y":0.8415883183479309,"z":-0.06985132396221161,"w":-0.5337487459182739},"size":248.0958709716797,"orthographic":false}