{"cameraMode":{"drawMode":0,"name":"Shaded","section":"Shading Mode"},"sceneLighting":true,"audioPlay":false,"sceneViewState":{"m_AlwaysRefresh":false,"showFog":true,"showSkybox":true,"showFlares":true,"showImageEffects":true,"showParticleSystems":true,"showVisualEffectGraphs":true,"m_FxEnabled":true},"in2DMode":false,"pivot":{"x":-1534.7723388671875,"y":-1.6490792036056519,"z":-583.3080444335938},"rotation":{"x":0.015588986687362194,"y":-0.801607608795166,"z":0.018711501732468606,"w":0.5976524353027344},"size":43.59999084472656,"orthographic":false}