{"cameraMode":{"drawMode":0,"name":"Shaded","section":"Shading Mode"},"sceneLighting":false,"audioPlay":false,"sceneViewState":{"m_AlwaysRefresh":false,"showFog":true,"showSkybox":false,"showFlares":true,"showImageEffects":true,"showParticleSystems":true,"showVisualEffectGraphs":true,"m_FxEnabled":true},"in2DMode":false,"pivot":{"x":157.91676330566407,"y":2.654778242111206,"z":10.618816375732422},"rotation":{"x":-0.028690265491604806,"y":-0.9395894408226013,"z":0.33131250739097597,"w":-0.08139624446630478},"size":1.3570756912231446,"orthographic":false}